{
    "runtime": "hermes (label)",
    "results": {
        "v8-crypto": {
            "totalTime": {
                "mean": 601.0,
                "stdev": 5.727128425310541,
                "samples": [
                    597.0,
                    612.0,
                    600.0,
                    596.0,
                    600.0
                ]
            }
        },
        "v8-deltablue": {
            "totalTime": {
                "mean": 743.0,
                "stdev": 2.0,
                "samples": [
                    747.0,
                    742.0,
                    742.0,
                    742.0,
                    742.0
                ]
            }
        },
        "v8-raytrace": {
            "totalTime": {
                "mean": 126.0,
                "stdev": 1.6733200530681511,
                "samples": [
                    127.0,
                    124.0,
                    128.0,
                    124.0,
                    127.0
                ]
            }
        },
        "v8-regexp": {
            "totalTime": {
                "mean": 622.2,
                "stdev": 2.925747767665559,
                "samples": [
                    625.0,
                    626.0,
                    622.0,
                    619.0,
                    619.0
                ]
            }
        },
        "v8-richards": {
            "totalTime": {
                "mean": 990.6,
                "stdev": 19.334942461771124,
                "samples": [
                    979.0,
                    977.0,
                    976.0,
                    994.0,
                    1027.0
                ]
            }
        },
        "v8-splay": {
            "totalTime": {
                "mean": 245.2,
                "stdev": 6.11228271597445,
                "samples": [
                    254.0,
                    244.0,
                    241.0,
                    237.0,
                    250.0
                ]
            }
        },
        "box2d": {
            "totalTime": {
                "mean": 2614.4,
                "stdev": 40.70675619599282,
                "samples": [
                    2662.0,
                    2558.0,
                    2617.0,
                    2655.0,
                    2580.0
                ]
            }
        },
        "earley-boyer": {
            "totalTime": {
                "mean": 2374.8,
                "stdev": 23.743630724891254,
                "samples": [
                    2382.0,
                    2347.0,
                    2394.0,
                    2404.0,
                    2347.0
                ]
            }
        },
        "navier-stokes": {
            "totalTime": {
                "mean": 4411.8,
                "stdev": 65.47182600172383,
                "samples": [
                    4504.0,
                    4366.0,
                    4478.0,
                    4363.0,
                    4348.0
                ]
            }
        },
        "pdfjs": {
            "totalTime": {
                "mean": 952.0,
                "stdev": 9.055385138137417,
                "samples": [
                    943.0,
                    946.0,
                    945.0,
                    964.0,
                    962.0
                ]
            }
        },
        "gbemu": {
            "totalTime": {
                "mean": 2334.2,
                "stdev": 36.6736962958467,
                "samples": [
                    2276.0,
                    2390.0,
                    2336.0,
                    2324.0,
                    2345.0
                ]
            }
        },
        "code-load": {
            "totalTime": {
                "mean": 4559.4,
                "stdev": 173.04866367585737,
                "samples": [
                    4898.0,
                    4494.0,
                    4441.0,
                    4433.0,
                    4531.0
                ]
            }
        },
        "typescript": {
            "totalTime": {
                "mean": 3417.6,
                "stdev": 76.21443432841315,
                "samples": [
                    3302.0,
                    3507.0,
                    3367.0,
                    3423.0,
                    3489.0
                ]
            }
        }
    }
}